{
	"format_version": "1.8.0",
	"animations": {
		"animation.tablet_spawn": {
			"loop": "hold_on_last_frame",
			"animation_length": 1,
			"bones": {
				"Structure": {
					"rotation": {
						"0.0": [
							0,
							0,
							0
						],
						"0.0417": [
							0,
							20.49308,
							0
						],
						"0.0833": [
							0,
							64.83009,
							0
						],
						"0.125": [
							0,
							108.90695,
							0
						],
						"0.1667": [
							0,
							146.78136,
							0
						],
						"0.2083": [
							0,
							178.76975,
							0
						],
						"0.25": [
							0,
							205.93801,
							0
						],
						"0.2917": [
							0,
							229.20434,
							0
						],
						"0.3333": [
							0,
							249.27315,
							0
						],
						"0.375": [
							0,
							266.67035,
							0
						],
						"0.4167": [
							0,
							281.80482,
							0
						],
						"0.4583": [
							0,
							294.98525,
							0
						],
						"0.5": [
							0,
							306.4616,
							0
						],
						"0.5417": [
							0,
							316.43887,
							0
						],
						"0.5833": [
							0,
							325.07931,
							0
						],
						"0.625": [
							0,
							332.52293,
							0
						],
						"0.6667": [
							0,
							338.87557,
							0
						],
						"0.7083": [
							0,
							344.24549,
							0
						],
						"0.75": [
							0,
							348.70977,
							0
						],
						"0.7917": [
							0,
							352.34014,
							0
						],
						"0.8333": [
							0,
							355.2033,
							0
						],
						"0.875": [
							0,
							357.36019,
							0
						],
						"0.9167": [
							0,
							358.84118,
							0
						],
						"0.9583": [
							0,
							359.70977,
							0
						],
						"1.0": [
							0,
							360,
							0
						]
					},
					"position": {
						"0.0": [
							0,
							-10,
							0
						],
						"0.0417": [
							0,
							-9.8358,
							0
						],
						"0.0833": [
							0,
							-9.64305,
							0
						],
						"0.125": [
							0,
							-9.42016,
							0
						],
						"0.1667": [
							0,
							-9.16536,
							0
						],
						"0.2083": [
							0,
							-8.87672,
							0
						],
						"0.25": [
							0,
							-8.55222,
							0
						],
						"0.2917": [
							0,
							-8.19013,
							0
						],
						"0.3333": [
							0,
							-7.78867,
							0
						],
						"0.375": [
							0,
							-7.34642,
							0
						],
						"0.4167": [
							0,
							-6.86248,
							0
						],
						"0.4583": [
							0,
							-6.33672,
							0
						],
						"0.5": [
							0,
							-5.77041,
							0
						],
						"0.5417": [
							0,
							-5.16694,
							0
						],
						"0.5833": [
							0,
							-4.53227,
							0
						],
						"0.6667": [
							0,
							-3.21223,
							0
						],
						"0.7083": [
							0,
							-2.55911,
							0
						],
						"0.75": [
							0,
							-1.93876,
							0
						],
						"0.7917": [
							0,
							-1.37483,
							0
						],
						"0.8333": [
							0,
							-0.88966,
							0
						],
						"0.875": [
							0,
							-0.50132,
							0
						],
						"0.9167": [
							0,
							-0.22132,
							0
						],
						"0.9583": [
							0,
							-0.05467,
							0
						],
						"1.0": [
							0,
							0,
							0
						]
					},
					"scale": {
						"0.0": [
							0.1,
							0.1,
							0.1
						],
						"0.0417": [
							0.12808,
							0.12808,
							0.12808
						],
						"0.0833": [
							0.1784,
							0.1784,
							0.1784
						],
						"0.3333": [
							0.5268,
							0.5268,
							0.5268
						],
						"0.5417": [
							0.76612,
							0.76612,
							0.76612
						],
						"0.7083": [
							0.90217,
							0.90217,
							0.90217
						],
						"0.875": [
							0.98145,
							0.98145,
							0.98145
						],
						"1.0": [
							1,
							1,
							1
						]
					}
				}
			}
		},
		"animation.tablet_death": {
			"loop": true,
			"animation_length": 1.2083,
			"bones": {
				"Structure": {
					"rotation": {
						"0.0": [
							0,
							360,
							0
						],
						"0.0417": [
							0,
							355.35832,
							0
						],
						"0.0833": [
							0,
							348.43223,
							0
						],
						"0.125": [
							0,
							338.74337,
							0
						],
						"0.1667": [
							0,
							325.67429,
							0
						],
						"0.2083": [
							0,
							308.52829,
							0
						],
						"0.25": [
							0,
							286.60868,
							0
						],
						"0.2917": [
							0,
							259.60222,
							0
						],
						"0.3333": [
							0,
							228.18968,
							0
						],
						"0.375": [
							0,
							194.51737,
							0
						],
						"0.4167": [
							0,
							161.53456,
							0
						],
						"0.4583": [
							0,
							131.54395,
							0
						],
						"0.5": [
							0,
							105.52332,
							0
						],
						"0.5417": [
							0,
							83.48872,
							0
						],
						"0.5833": [
							0,
							65.02772,
							0
						],
						"0.625": [
							0,
							49.63074,
							0
						],
						"0.6667": [
							0,
							36.82611,
							0
						],
						"0.7083": [
							0,
							26.21498,
							0
						],
						"0.75": [
							0,
							17.47473,
							0
						],
						"0.7917": [
							0,
							10.32836,
							0
						],
						"0.8333": [
							0,
							4.56267,
							0
						],
						"0.875": [
							0,
							0,
							0
						]
					},
					"position": {
						"0.0": [
							0,
							0,
							0
						],
						"0.0417": [
							0,
							-0.11533,
							0
						],
						"0.0833": [
							0,
							-0.24819,
							0
						],
						"0.125": [
							0,
							-0.40076,
							0
						],
						"0.1667": [
							0,
							-0.57545,
							0
						],
						"0.2083": [
							0,
							-0.77492,
							0
						],
						"0.25": [
							0,
							-1.00283,
							0
						],
						"0.2917": [
							0,
							-1.26304,
							0
						],
						"0.3333": [
							0,
							-1.56056,
							0
						],
						"0.375": [
							0,
							-1.90163,
							0
						],
						"0.4167": [
							0,
							-2.29386,
							0
						],
						"0.4583": [
							0,
							-2.74583,
							0
						],
						"0.5": [
							0,
							-3.26792,
							0
						],
						"0.5417": [
							0,
							-3.87023,
							0
						],
						"0.5833": [
							0,
							-4.55888,
							0
						],
						"0.625": [
							0,
							-5.32721,
							0
						],
						"0.6667": [
							0,
							-6.14329,
							0
						],
						"0.7083": [
							0,
							-6.94678,
							0
						],
						"0.75": [
							0,
							-7.67208,
							0
						],
						"0.7917": [
							0,
							-8.28072,
							0
						],
						"0.8333": [
							0,
							-8.76741,
							0
						],
						"0.875": [
							0,
							-9.14546,
							0
						],
						"0.9167": [
							0,
							-9.43272,
							0
						],
						"0.9583": [
							0,
							-9.64628,
							0
						],
						"1.0": [
							0,
							-9.79992,
							0
						],
						"1.0417": [
							0,
							-9.9046,
							0
						],
						"1.0833": [
							0,
							-9.96847,
							0
						],
						"1.125": [
							0,
							-9.99854,
							0
						],
						"1.1667": [
							0,
							-10,
							0
						]
					},
					"scale": {
						"0.0": [
							1,
							1,
							1
						],
						"0.1667": [
							0.81934,
							0.81934,
							0.81934
						],
						"0.2083": [
							0.76244,
							0.76244,
							0.76244
						],
						"0.3333": [
							0.57067,
							0.57067,
							0.57067
						],
						"0.375": [
							0.51221,
							0.51221,
							0.51221
						],
						"0.4167": [
							0.46276,
							0.46276,
							0.46276
						],
						"0.4583": [
							0.42242,
							0.42242,
							0.42242
						],
						"0.5": [
							0.38983,
							0.38983,
							0.38983
						],
						"1.0": [
							0.25,
							0.25,
							0.25
						]
					}
				}
			}
		}
	}
}