{
	"format_version": "1.8.0",
	"animations": {
		"animation.hp4_paint.chisel.particle_unmove": {
			"animation_length": 3.75,
			"bones": {
				"root": {
					"rotation": {
						"0.0833": [36.40051, 32.92753, -36.40051],
						"3.4583": [36.4, 32.93, -36.4],
						"3.5833": [0, 0, 0]
					},
					"position": {
						"0.0833": [7, 20, 0],
						"3.4583": [7, 20, 0]
					},
					"scale": {
						"0.0": [0, 0, 0],
						"0.0833": [1, 1, 1],
						"3.4583": [1, 1, 1],
						"3.5833": [1, 1, 1],
						"3.75": [0, 0, 0]
					}
				},
				"hammer": {
					"rotation": {
						"0.0833": [0, 0, 0],
						"0.2083": [-27.5, 0, 0],
						"0.2917": [12.5, 0, 0],
						"0.3333": [17.5, 0, 0],
						"0.4167": [17.5, 0, 0],
						"0.5417": [0, 0, 0],
						"0.6667": [-27.5, 0, 0],
						"0.75": [12.5, 0, 0],
						"0.7917": [17.5, 0, 0],
						"0.875": [17.5, 0, 0],
						"1.0": [-27.5, 0, 0],
						"1.0833": [12.5, 0, 0],
						"1.125": [17.5, 0, 0],
						"1.2083": [0, 0, 0],
						"1.3333": [-27.5, 0, 0],
						"1.4167": [12.5, 0, 0],
						"1.4583": [17.5, 0, 0],
						"1.5417": [17.5, 0, 0],
						"1.6667": [0, 0, 0],
						"1.7917": [-27.5, 0, 0],
						"1.875": [12.5, 0, 0],
						"1.9167": [17.5, 0, 0],
						"2.0": [17.5, 0, 0],
						"2.125": [-27.5, 0, 0],
						"2.2083": [12.5, 0, 0],
						"2.25": [17.5, 0, 0],
						"2.3333": [0, 0, 0],
						"2.4583": [-27.5, 0, 0],
						"2.5417": [12.5, 0, 0],
						"2.5833": [17.5, 0, 0],
						"2.6667": [17.5, 0, 0],
						"2.7917": [0, 0, 0],
						"2.9167": [-27.5, 0, 0],
						"3.0": [12.5, 0, 0],
						"3.0417": [17.5, 0, 0],
						"3.125": [17.5, 0, 0],
						"3.25": [-27.5, 0, 0],
						"3.3333": [12.5, 0, 0],
						"3.375": [17.5, 0, 0],
						"3.4583": [17.5, 0, 0],
						"3.5833": [0, 0, 0]
					},
					"position": {
						"0.4167": [0, 0, 0],
						"0.5417": [0, 0, -2],
						"0.875": [0, 0, -2],
						"1.0": [0, 0, -4],
						"1.5417": [0, 0, 0],
						"1.6667": [0, 0, -2],
						"2.0": [0, 0, -2],
						"2.125": [0, 0, -4],
						"2.6667": [0, 0, 0],
						"2.7917": [0, 0, -2],
						"3.125": [0, 0, -2],
						"3.25": [0, 0, -4],
						"3.4583": [0, 0, -4],
						"3.5833": [0, 0, 0]
					}
				},
				"chisel_ext": {
					"rotation": {
						"0.0": [0, 0, 0],
						"3.4583": [0, 0, 0],
						"3.5833": [90, 0, 0]
					},
					"position": {
						"0.0833": [0, -0.5, 0],
						"0.2917": [0, -0.5, 0],
						"0.3333": [0, -0.5, -2],
						"0.4167": [0, -0.5, -2],
						"0.75": [0, -0.5, -2],
						"0.7917": [0, -0.5, -4],
						"0.875": [0, -0.5, -4],
						"1.0833": [0, -0.5, -4],
						"1.125": [0, -0.5, -5],
						"1.2083": [0, -0.5, 0],
						"1.4167": [0, -0.5, 0],
						"1.4583": [0, -0.5, -2],
						"1.5417": [0, -0.5, -2],
						"1.875": [0, -0.5, -2],
						"1.9167": [0, -0.5, -4],
						"2.0": [0, -0.5, -4],
						"2.2083": [0, -0.5, -4],
						"2.25": [0, -0.5, -5],
						"2.3333": [0, -0.5, 0],
						"2.5417": [0, -0.5, 0],
						"2.5833": [0, -0.5, -2],
						"2.6667": [0, -0.5, -2],
						"3.0": [0, -0.5, -2],
						"3.0417": [0, -0.5, -4],
						"3.125": [0, -0.5, -4],
						"3.3333": [0, -0.5, -4],
						"3.375": [0, -0.5, -5],
						"3.4583": [0, -0.5, -5],
						"3.5833": [0, 0, 0]
					}
				}
			}
		},
		"animation.hp4_paint.chisel.particle": {
			"loop": "hold_on_last_frame",
			"animation_length": 7.4583,
			"bones": {
				"root": {
					"rotation": {
						"0.0833": [36.40051, 32.92753, -36.40051],
						"1.2083": [36.4, 32.93, -36.4],
						"1.3333": {"pre": [36.4, 32.93, -36.4], "post": [0, -72.5, 0]},
						"2.5417": [0, -72.5, 0],
						"2.6667": {"pre": [0, -72.5, 0], "post": [62.5, 25, 0]},
						"3.875": [62.5, 25, 0],
						"4.0833": [0, 0, 0]
					},
					"position": {
						"0.0833": [7, 20, 0],
						"1.2083": [7, 20, 0],
						"1.3333": {"pre": [7, 20, 0], "post": [-7, 6, 0]},
						"2.5417": [-7, 6, 0],
						"2.6667": {"pre": [-7, 6, 0], "post": [6, 12, 7]},
						"3.875": [6, 12, 7],
						"4.0833": [0, 0, 0]
					},
					"scale": {
						"0.0": [0, 0, 0],
						"0.0833": [1, 1, 1],
						"1.2083": [1, 1, 1],
						"1.3333": [0.5, 0.5, 0.5],
						"1.4167": [1, 1, 1],
						"2.5417": [1, 1, 1],
						"2.6667": [0, 0, 0],
						"2.75": [1, 1, 1],
						"3.875": [1, 1, 1],
						"4.0833": [1, 1, 1],
						"4.2083": [0, 0, 0]
					}
				},
				"hammer": {
					"rotation": {
						"0.0833": [0, 0, 0],
						"0.2083": [-27.5, 0, 0],
						"0.2917": [12.5, 0, 0],
						"0.3333": [17.5, 0, 0],
						"0.4167": [17.5, 0, 0],
						"0.5417": [0, 0, 0],
						"0.6667": [-27.5, 0, 0],
						"0.75": [12.5, 0, 0],
						"0.7917": [17.5, 0, 0],
						"0.875": [17.5, 0, 0],
						"1.0": [-27.5, 0, 0],
						"1.0833": [12.5, 0, 0],
						"1.125": [17.5, 0, 0],
						"1.2083": [17.5, 0, 0],
						"1.3333": [17.5, 0, 0],
						"1.4167": [0, 0, 0],
						"1.5417": [-27.5, 0, 0],
						"1.625": [12.5, 0, 0],
						"1.6667": [17.5, 0, 0],
						"1.75": [17.5, 0, 0],
						"1.875": [0, 0, 0],
						"2.0": [-27.5, 0, 0],
						"2.0833": [12.5, 0, 0],
						"2.125": [17.5, 0, 0],
						"2.2083": [17.5, 0, 0],
						"2.3333": [-27.5, 0, 0],
						"2.4167": [12.5, 0, 0],
						"2.4583": [17.5, 0, 0],
						"2.5417": [17.5, 0, 0],
						"2.6667": [17.5, 0, 0],
						"2.75": [0, 0, 0],
						"2.875": [-27.5, 0, 0],
						"2.9583": [12.5, 0, 0],
						"3.0": [17.5, 0, 0],
						"3.0833": [17.5, 0, 0],
						"3.2083": [0, 0, 0],
						"3.3333": [-27.5, 0, 0],
						"3.4167": [12.5, 0, 0],
						"3.4583": [17.5, 0, 0],
						"3.5417": [17.5, 0, 0],
						"3.6667": [-27.5, 0, 0],
						"3.75": [12.5, 0, 0],
						"3.7917": [17.5, 0, 0],
						"3.875": [17.5, 0, 0],
						"4.0833": [0, 0, 0]
					},
					"position": {
						"0.4167": [0, 0, 0],
						"0.5417": [0, 0, -2],
						"0.875": [0, 0, -2],
						"1.0": [0, 0, -4],
						"1.3333": [0, 0, -4],
						"1.75": [0, 0, 0],
						"1.875": [0, 0, -2],
						"2.2083": [0, 0, -2],
						"2.3333": [0, 0, -4],
						"2.6667": [0, 0, -4],
						"3.0833": [0, 0, 0],
						"3.2083": [0, 0, -2],
						"3.5417": [0, 0, -2],
						"3.6667": [0, 0, -4],
						"4.0833": [0, 0, 0]
					}
				},
				"chisel_ext": {
					"position": {
						"0.0833": [0, -0.5, 0],
						"0.2917": [0, -0.5, 0],
						"0.3333": [0, -0.5, -2],
						"0.4167": [0, -0.5, -2],
						"0.75": [0, -0.5, -2],
						"0.7917": [0, -0.5, -4],
						"0.875": [0, -0.5, -4],
						"1.0833": [0, -0.5, -4],
						"1.125": [0, -0.5, -5],
						"1.2083": [0, -0.5, -5],
						"1.3333": [0, -0.5, -5],
						"1.4167": [0, -0.5, 0],
						"1.625": [0, -0.5, 0],
						"1.6667": [0, -0.5, -2],
						"1.75": [0, -0.5, -2],
						"2.0833": [0, -0.5, -2],
						"2.125": [0, -0.5, -4],
						"2.2083": [0, -0.5, -4],
						"2.4167": [0, -0.5, -4],
						"2.4583": [0, -0.5, -5],
						"2.5417": [0, -0.5, -5],
						"2.6667": [0, -0.5, -5],
						"2.75": [0, -0.5, 0],
						"2.9583": [0, -0.5, 0],
						"3.0": [0, -0.5, -2],
						"3.0833": [0, -0.5, -2],
						"3.4167": [0, -0.5, -2],
						"3.4583": [0, -0.5, -4],
						"3.5417": [0, -0.5, -4],
						"3.75": [0, -0.5, -4],
						"3.7917": [0, -0.5, -5],
						"3.875": [0, -0.5, -5],
						"4.0833": [0, 0, 0]
					}
				}
			},
			"sound_effects": {
				"0.3333": {
					"effect": "chiseling"
				},
				"0.75": {
					"effect": "chiseling"
				},
				"1.1667": {
					"effect": "chiseling"
				},
				"1.625": {
					"effect": "chiseling"
				},
				"2.0417": {
					"effect": "chiseling"
				},
				"2.4583": {
					"effect": "chiseling"
				},
				"2.9167": {
					"effect": "chiseling"
				},
				"3.3333": {
					"effect": "chiseling"
				},
				"3.75": {
					"effect": "chiseling"
				}
			},
			"particle_effects": {
				"0.3333": [
					{
						"effect": "stone",
						"locator": "hammerpoint"
					},
					{
						"effect": "hammer_hit",
						"locator": "hammerpoint"
					}
				],
				"0.75": [
					{
						"effect": "stone",
						"locator": "hammerpoint"
					},
					{
						"effect": "hammer_hit",
						"locator": "hammerpoint"
					}
				],